id,titulo,descripcion,hay_stock,precio_refe,unidad_refe,unidades_precios,imagen,es_oferta,tags
ACEI_00,Aceite de oliva Frutos del Norte,Org√°nico. De sabor suave y arom√°tico,s√≠,16800,la botella de 500ml,1 botella de 500ml:16800|2 botellas de 500ml:33600|3 botellas de 500ml:50400|4 botellas de 500ml:67200|5 botellas de 500ml:84000|6 botellas de 500ml:100800|7 botellas de 500ml:117600|8 botellas de 500ml:134400|9 botellas de 500ml:151200|10 botellas de 500ml:168000,,no,sin TACC|aceite|org√°nico
ACEI_01,Aceite de oliva  La Riojana,,no,0,la botella de 500ml,1 botella de 500ml:0|2 botellas de 500ml:0|3 botellas de 500ml:0|4 botellas de 500ml:0|5 botellas de 500ml:0|6 botellas de 500ml:0|7 botellas de 500ml:0|8 botellas de 500ml:0|9 botellas de 500ml:0|10 botellas de 500ml:0,,no,aceite|org√°nico
ACEI_02,Aceite de oliva Terranova,,no,0,la botella de 500ml,1 botella de 500ml:0|2 botellas de 500ml:0|3 botellas de 500ml:0|4 botellas de 500ml:0|5 botellas de 500ml:0|6 botellas de 500ml:0|7 botellas de 500ml:0|8 botellas de 500ml:0|9 botellas de 500ml:0|10 botellas de 500ml:0,,no,aceite
ACEI_04,Aceite de coco neutro,Marca Entre Nuts,s√≠,9800,el frasco de 500cc,1 frasco de 500cc:9800|2 frascos de 500cc:19600|3 frascos de 500cc:29400|4 frascos de 500cc:39200|5 frascos de 500cc:49000|6 frascos de 500cc:58800|7 frascos de 500cc:68600|8 frascos de 500cc:78400|9 frascos de 500cc:88200|10 frascos de 500cc:98000,,no,sin TACC|aceite
ACEI_06,Aceite de coco virgen,Marca Entre Nuts,s√≠,18800,el frasco de 500cc,1 frasco de 500cc:18800|2 frascos de 500cc:37600|3 frascos de 500cc:56400|4 frascos de 500cc:75200|5 frascos de 500cc:94000|6 frascos de 500cc:112800|7 frascos de 500cc:131600|8 frascos de 500cc:150400|9 frascos de 500cc:169200|10 frascos de 500cc:188000,,no,sin TACC|aceite
ACEI_08,Aceite de lino org√°nico,Marca Aguara,s√≠,7300,la botella de 250ml,1 botella de 250ml:7250|2 botellas de 250ml:14500|3 botellas de 250ml:21750|4 botellas de 250ml:29000|5 botellas de 250ml:36250|6 botellas de 250ml:43500|7 botellas de 250ml:50750|8 botellas de 250ml:58000|9 botellas de 250ml:65250|10 botellas de 250ml:72500,,no,sin TACC|aceite|suplementos|org√°nico
ACEI_09,Aceite de nu√©z pec√°n,,no,0,la botella de 500ml,1 botella de 500ml:0|2 botellas de 500ml:0|3 botellas de 500ml:0|4 botellas de 500ml:0|5 botellas de 500ml:0|6 botellas de 500ml:0|7 botellas de 500ml:0|8 botellas de 500ml:0|9 botellas de 500ml:0|10 botellas de 500ml:0,,no,aceite|agroecol√≥gico
ACEI_10,Aceite de s√©samo,,no,0,la botella de 250ml,1 botella de 250ml:0|2 botellas de 250ml:0|3 botellas de 250ml:0|4 botellas de 250ml:0|5 botellas de 250ml:0|6 botellas de 250ml:0|7 botellas de 250ml:0|8 botellas de 250ml:0|9 botellas de 250ml:0|10 botellas de 250ml:0,,no,aceite|suplementos|especias
ACEI_11,Aceite de coco neutro,Marca Entre Nuts,s√≠,6800,el frasco de 360cc,1 frasco de 360cc:6800|2 frascos de 360cc:13600|3 frascos de 360cc:20400|4 frascos de 360cc:27200|5 frascos de 360cc:34000|6 frascos de 360cc:40800|7 frascos de 360cc:47600|8 frascos de 360cc:54400|9 frascos de 360cc:61200|10 frascos de 360cc:68000,,no,sin TACC|aceite
ACEI_12,Aceite de coco virgen,Marca Entre Nuts,s√≠,14200,el frasco de 360cc,1 frasco de 360cc:14200|2 frascos de 360cc:28400|3 frascos de 360cc:42600|4 frascos de 360cc:56800|5 frascos de 360cc:71000|6 frascos de 360cc:85200|7 frascos de 360cc:99400|8 frascos de 360cc:113600|9 frascos de 360cc:127800|10 frascos de 360cc:142000,,no,sin TACC|aceite
LEVA_00,Nutrileva Levadura nutricional,Levadura de cerveza en polvo,s√≠,5800,la caja de 200g,1 caja de 200g:5800|2 cajas de 200g:11600|3 cajas de 200g:17400|4 cajas de 200g:23200|5 cajas de 200g:29000|6 cajas de 200g:34800|7 cajas de 200g:40600|8 cajas de 200g:46400|9 cajas de 200g:52200|10 cajas de 200g:58000,,no,novedades|sin TACC|suplementos
AJIM_00,Aj√≠ molido,,s√≠,1700,los 50g,50g:1650|100g:3300|250g:8250|500g:16500|1kg:33000|2kg:66000|3kg:99000,,no,especias
AJOG_00,Ajo granulado,,s√≠,1400,los 50g,50g:1350|100g:2700|250g:6750|500g:13500|1kg:27000|2kg:54000|3kg:81000,,no,especias
AJOP_00,Ajo en polvo,,s√≠,1000,los 50g,50g:1000|100g:2000|250g:5000|500g:10000|1kg:20000|2kg:40000|3kg:60000,,no,especias
ALME_00,Almendras Non Pareil,,s√≠,2200,los 100g,100g:2200|250g:5500|500g:11000|1kg:22000|2kg:44000|3kg:66000|4kg:88000|5kg:110000,https://lh3.googleusercontent.com/d/1PqpmLmc1-9GapFIeDuwn2MAR0PnZhRNz,no,frutos secos
ALME_01,Almendras Guara,,s√≠,2000,los 100g,100g:2000|250g:5000|500g:10000|1kg:20000|2kg:40000|3kg:60000|4kg:80000|5kg:100000,https://lh3.googleusercontent.com/d/1klfFXvdF9LWqRsDMtbEwjfniAToZjGgY,no,frutos secos
AMBA_00,Ambay hojas,,s√≠,1000,los 100g,50g:500|100g:1000|250g:2500|500g:5000|1kg:10000|2kg:20000|3kg:30000,,no,yuyitos|tecitos
ANIS_00,Anis estrellado,Partido,s√≠,2100,los 50g,50g:2100|100g:4200|250g:10500|500g:21000|1kg:42000|2kg:84000|3kg:126000,,no,yuyitos|especias|tecitos
ARRO_00,Arroz yaman√≠,Integral,s√≠,2300,el kg,1kg:2300|2kg:4600|3kg:6900|4kg:9200|5kg:11500|6kg:13800|7kg:16100|8kg:18400|9kg:20700|10kg:23000,https://lh3.googleusercontent.com/d/1s_VLly9qnLgiotIlmbb336yrGD4P_ue_,no,cereales
ARRO_01,Arroz integral largo fino,,s√≠,2000,el kg,100g:200|250g:500|500g:1000|1kg:2000|2kg:4000|3kg:6000|4kg:8000|5kg:10000,https://lh3.googleusercontent.com/d/1kTi9z-0YBsWVainD8YvE3rmQjePuzKDE,no,cereales
ARVE_00,Arveja seca partida,,s√≠,2500,el kg,100g:250|250g:625|500g:1250|1kg:2500|2kg:5000|3kg:7500|4kg:10000|5kg:12500,,no,legumbres
LENT_00,Lentejas,,s√≠,3400,el kg,100g:340|250g:850|500g:1700|1kg:3400|2kg:6800|3kg:10200|4kg:13600|5kg:17000,https://lh3.googleusercontent.com/d/1DtPGuXXxOQLoxDhhJVBSiWNFL9nAJJ02,no,legumbres
GARB_00,Garbanzos,,s√≠,3100,el kg,100g:310|250g:775|500g:1550|1kg:3100|2kg:6200|3kg:9300|4kg:12400|5kg:15500,https://lh3.googleusercontent.com/d/15txcISKuNBNWkOt7_WeDcrszMDP49OZr,no,legumbres
AVEL_00,Avellanas,,s√≠,3300,los 100g,100g:3300|250g:8250|500g:16500|1kg:33000|2kg:66000|3kg:99000|4kg:132000|5kg:165000,https://lh3.googleusercontent.com/d/1MCs1vkKkHIfEktw8ri33x2SR4fF-k6Lq,no,frutos secos
CHOC_07,Chocolate 71% con almendras y sal,,s√≠,5100,la tableta de 80g,1 tableta de 80g:5100|2 tabletas de 80g:10200|3 tabletas de 80g:15300|4 tabletas de 80g:20400|5 tabletas de 80g:25500|6 tabletas de 80g:30600|7 tabletas de 80g:35700|8 tabletas de 80g:40800|9 tabletas de 80g:45900|10 tabletas de 80g:51000,,no,chocolate|vegano
CHOC_08,Chocolate p/taza √Åguila,Semiamargo,s√≠,4900,la tableta de 165g,1 tableta de 165g:4900|2 tabletas de 165g:9800|3 tabletas de 165g:14700|4 tabletas de 165g:19600|5 tabletas de 165g:24500|6 tabletas de 165g:29400|7 tabletas de 165g:34300|8 tabletas de 165g:39200|9 tabletas de 165g:44100|10 tabletas de 165g:49000,,no,novedades|sin TACC|chocolate|vegano
AVEL_01,Avellanas con chocolate,,no,0,los 100g,100g:0|250g:0|500g:0|1kg:0|2kg:0|3kg:0|4kg:0|5kg:0,,no,frutos secos|snacks|chocolate
AVEN_00,Avena instant√°nea,,s√≠,2100,el kg,500g:1050|1kg:2100|2kg:4200|3kg:6300|4kg:8400|5kg:10500,https://lh3.googleusercontent.com/d/1dNqhfH628kkAa19RkTJhaUzc08Y3cEgG,no,cereales
AVEN_02,Avena arrollada,Org√°nica. Marca Campo Claro,s√≠,3000,el paquete de 500g,1 paquete de 500g:2970|2 paquetes de 500g:5940|3 paquetes de 500g:8910|4 paquetes de 500g:11880|5 paquetes de 500g:14850|6 paquetes de 500g:17820|7 paquetes de 500g:20790|8 paquetes de 500g:23760|9 paquetes de 500g:26730|10 paquetes de 500g:29700,https://lh3.googleusercontent.com/d/1_iPH8FfrDD1trrtsckPOhkvud_1H19Vo,no,cereales|org√°nico
AVEN_03,Avena instant√°nea sin TACC,Marca Cuman√°,no,2900,el paquete de 500g,1 paquete de 500g:2900|2 paquetes de 500g:5800|3 paquetes de 500g:8700|4 paquetes de 500g:11600|5 paquetes de 500g:14500|6 paquetes de 500g:17400|7 paquetes de 500g:20300|8 paquetes de 500g:23200|9 paquetes de 500g:26100|10 paquetes de 500g:29000,https://lh3.googleusercontent.com/d/1FK_z0nkdnca3NSgZQUbNp-V3j2pnAHKF,no,sin TACC|cereales
AZUC_00,Az√∫car mascabo,,s√≠,3800,el kg,100g:380|250g:950|500g:1900|1kg:3800|2kg:7600|3kg:11400|4kg:15200|5kg:19000,,no,
BARR_00,Barrita de cereal prot√©ica de man√≠ con chocolate,Contiene 15g de prote√≠na. Marca √çntegra,s√≠,1800,la barrita de 45g,1 barrita de 45g:1800|2 barritas de 45g:3600|3 barritas de 45g:5400|4 barritas de 45g:7200|5 barritas de 45g:9000|6 barritas de 45g:10800|7 barritas de 45g:12600|8 barritas de 45g:14400|9 barritas de 45g:16200|10 barritas de 45g:18000,,no,suplementos|snacks|chocolate|vegano
BARR_01,Barrita de cereal prot√©ica de ar√°ndanos,Contiene 15g de prote√≠na. Marca √çntegra,s√≠,1800,la barrita de 45g,1 barrita de 45g:1800|2 barritas de 45g:3600|3 barritas de 45g:5400|4 barritas de 45g:7200|5 barritas de 45g:9000|6 barritas de 45g:10800|7 barritas de 45g:12600|8 barritas de 45g:14400|9 barritas de 45g:16200|10 barritas de 45g:18000,,no,suplementos|snacks|vegano
BARR_02,Barrita de cereal de cacao y avellanas,Con cacao; coco y avellanas. Marca Muecas,s√≠,1400,la barrita de 45g,1 barrita de 45g:1400|2 barritas de 45g:2800|3 barritas de 45g:4200|4 barritas de 45g:5600|5 barritas de 45g:7000|6 barritas de 45g:8400|7 barritas de 45g:9800|8 barritas de 45g:11200|9 barritas de 45g:12600|10 barritas de 45g:14000,,no,snacks|chocolate
BARR_05,Barrita de cereal de manzana y ar√°ndanos,Con semillas y nueces,s√≠,1400,la barrita de 45g,1 barrita de 45g:1400|2 barritas de 45g:2800|3 barritas de 45g:4200|4 barritas de 45g:5600|5 barritas de 45g:7000|6 barritas de 45g:8400|7 barritas de 45g:9800|8 barritas de 45g:11200|9 barritas de 45g:12600|10 barritas de 45g:14000,,no,snacks
BARR_04,Barrita de cereal de cacao,Con avena; cacao y chips de chocolate. Marca √çntegra,s√≠,1500,la barrita de 40g,1 barrita de 40g:1500|2 barritas de 40g:3000|3 barritas de 40g:4500|4 barritas de 40g:6000|5 barritas de 40g:7500|6 barritas de 40g:9000|7 barritas de 40g:10500|8 barritas de 40g:12000|9 barritas de 40g:13500|10 barritas de 40g:15000,,no,snacks|chocolate|vegano
BICA_00,Bicarbonato de sodio,,s√≠,500,los 100g,100g:510|250g:1275|500g:2550|1kg:5100|2kg:10200|3kg:15300|4kg:20400|5kg:25500,,no,
BOLD_00,Boldo,,s√≠,3000,los 100g,100g:2950|250g:7375|500g:14750|1kg:29500|2kg:59000|3kg:88500|4kg:118000|5kg:147500,,no,yuyitos|tecitos
BOLS_00,Bolsita para hacer leches vegetales,,no,4900,la unidad,1 unidad:4900|2 unidades:9800|3 unidades:14700|4 unidades:19600|5 unidades:24500|6 unidades:29400|7 unidades:34300|8 unidades:39200|9 unidades:44100|10 unidades:49000,,no,
BURR_00,Burrito,,s√≠,1900,los 100g,100g:1900|250g:4750|500g:9500|1kg:19000|2kg:38000|3kg:57000|4kg:76000|5kg:95000,,no,yuyitos|tecitos
CACA_00,Cacao amargo,,s√≠,1700,los 100g,100g:1700|250g:4250|500g:8500|1kg:17000|2kg:34000|3kg:51000|4kg:68000|5kg:85000,,no,
CAFE_00,Caf√© de algarroba,Marca Dicomere,s√≠,5000,el paquete de 200g,1 paquete de 200g:4950|2 paquetes de 200g:9900|3 paquetes de 200g:14850|4 paquetes de 200g:19800|5 paquetes de 200g:24750|6 paquetes de 200g:29700|7 paquetes de 200g:34650|8 paquetes de 200g:39600|9 paquetes de 200g:44550|10 paquetes de 200g:49500,,no,sin TACC|tecitos
CALE_00,Cal√©ndula,,s√≠,2000,los 100g,100g:1950|250g:4875|500g:9750|1kg:19500|2kg:39000|3kg:58500|4kg:78000|5kg:97500,,no,yuyitos|tecitos
CANE_00,Canela en polvo,,s√≠,1500,los 50g,100g:3070|250g:7675|500g:15350|1kg:30700|2kg:61400|3kg:92100|4kg:122800|5kg:153500,,no,especias
CANV_00,Galletitas de ch√≠a; girasol y lino,Marca Canvas,s√≠,1800,el paquete de 100g,1 paquete de 100g:1800|2 paquetes de 100g:3600|3 paquetes de 100g:5400|4 paquetes de 100g:7200|5 paquetes de 100g:9000|6 paquetes de 100g:10800|7 paquetes de 100g:12600|8 paquetes de 100g:14400|9 paquetes de 100g:16200|10 paquetes de 100g:18000,,no,snacks|vegano
CANV_01,Galletitas de oliva; ch√≠a y lino,Marca Canvas,s√≠,1800,el paquete de 100g,1 paquete de 100g:1800|2 paquetes de 100g:3600|3 paquetes de 100g:5400|4 paquetes de 100g:7200|5 paquetes de 100g:9000|6 paquetes de 100g:10800|7 paquetes de 100g:12600|8 paquetes de 100g:14400|9 paquetes de 100g:16200|10 paquetes de 100g:18000,,no,snacks|vegano
CANV_02,Galletitas de chocolate y man√≠,Marca Canvas,s√≠,1800,el paquete de 150g,1 paquete de 150g:1800|2 paquetes de 150g:3600|3 paquetes de 150g:5400|4 paquetes de 150g:7200|5 paquetes de 150g:9000|6 paquetes de 150g:10800|7 paquetes de 150g:12600|8 paquetes de 150g:14400|9 paquetes de 150g:16200|10 paquetes de 150g:18000,,no,snacks|chocolate|vegano
CANV_03,Galletitas de jengibre y ch√≠a,Marca Canvas,s√≠,1800,el paquete de 150g,1 paquete de 150g:1800|2 paquetes de 150g:3600|3 paquetes de 150g:5400|4 paquetes de 150g:7200|5 paquetes de 150g:9000|6 paquetes de 150g:10800|7 paquetes de 150g:12600|8 paquetes de 150g:14400|9 paquetes de 150g:16200|10 paquetes de 150g:18000,,no,snacks|vegano
CANV_04,Galletitas de algarroba,Con canela; pasas y girasol. Marca Canvas,s√≠,1800,el paquete de 150g,1 paquete de 150g:1800|2 paquetes de 150g:3600|3 paquetes de 150g:5400|4 paquetes de 150g:7200|5 paquetes de 150g:9000|6 paquetes de 150g:10800|7 paquetes de 150g:12600|8 paquetes de 150g:14400|9 paquetes de 150g:16200|10 paquetes de 150g:18000,,no,snacks|vegano
CARQ_00,Carqueja,,s√≠,800,los 100g,100g:790|250g:1975|500g:3950|1kg:7900|2kg:15800|3kg:23700|4kg:31600|5kg:39500,,no,yuyitos|tecitos
CAST_00,Casta√±as de caj√∫ tostadas,,s√≠,2900,los 100g,100g:2880|250g:7200|500g:14400|1kg:28800|2kg:57600|3kg:86400|4kg:115200|5kg:144000,https://lh3.googleusercontent.com/d/1fs3ODi64zAfnL6WNTS0SWCIAWgg68afK,no,frutos secos
CAST_01,Casta√±as de caj√∫ crudas partidas,,s√≠,2000,los 100g,100g:2000|250g:5000|500g:10000|1kg:20000|2kg:40000|3kg:60000|4kg:80000|5kg:100000,https://lh3.googleusercontent.com/d/1rAIPWGpup7i0VK0hkX9N4DxIGTHFZqUJ,no,frutos secos
CEDR_00,Cedr√≥n hojas,,s√≠,1900,los 100g,100g:1870|250g:4675|500g:9350|1kg:18700|2kg:37400|3kg:56100|4kg:74800|5kg:93500,,no,yuyitos|tecitos
CHIM_00,Chimichurri,,s√≠,1700,los 100g,100g:1700|250g:4250|500g:8500|1kg:17000|2kg:34000|3kg:51000|4kg:68000|5kg:85000,,no,especias
CHOC_00,Chocolate 60%,Org√°nico. Marca Colonial,no,0,la tableta de 100g,1 tableta de 100g:0|2 tabletas de 100g:0|3 tabletas de 100g:0|4 tabletas de 100g:0|5 tabletas de 100g:0|6 tabletas de 100g:0|7 tabletas de 100g:0|8 tabletas de 100g:0|9 tabletas de 100g:0|10 tabletas de 100g:0,,no,sin TACC|chocolate|org√°nico|vegano
CHOC_01,Chocolate 70%,Org√°nico. Marca Colonial,no,0,la tableta de 100g,1 tableta de 100g:0|2 tabletas de 100g:0|3 tabletas de 100g:0|4 tabletas de 100g:0|5 tabletas de 100g:0|6 tabletas de 100g:0|7 tabletas de 100g:0|8 tabletas de 100g:0|9 tabletas de 100g:0|10 tabletas de 100g:0,,no,sin TACC|chocolate|org√°nico|vegano
CHOC_02,Chocolate 80%,Org√°nico. Marca Colonial,no,0,la tableta de 100g,1 tableta de 100g:0|2 tabletas de 100g:0|3 tabletas de 100g:0|4 tabletas de 100g:0|5 tabletas de 100g:0|6 tabletas de 100g:0|7 tabletas de 100g:0|8 tabletas de 100g:0|9 tabletas de 100g:0|10 tabletas de 100g:0,,no,sin TACC|chocolate|org√°nico|vegano
CHOC_03,Chocolate 60% barrita,Org√°nico. Marca Colonial,no,0,la barrita de 16g,1 barrita de 16g:0|2 barritas de 16g:0|3 barritas de 16g:0|4 barritas de 16g:0|5 barritas de 16g:0|6 barritas de 16g:0|7 barritas de 16g:0|8 barritas de 16g:0|9 barritas de 16g:0|10 barritas de 16g:0,,no,sin TACC|chocolate|org√°nico|vegano
CHOC_04,Chocolate 70% barrita,Org√°nico. Marca Colonial,no,0,la barrita de 16g,1 barrita de 16g:0|2 barritas de 16g:0|3 barritas de 16g:0|4 barritas de 16g:0|5 barritas de 16g:0|6 barritas de 16g:0|7 barritas de 16g:0|8 barritas de 16g:0|9 barritas de 16g:0|10 barritas de 16g:0,,no,sin TACC|chocolate|org√°nico|vegano
CHOC_05,Chocolate 80% barrita,Org√°nico. Marca Colonial,no,0,la barrita de 16g,1 barrita de 16g:0|2 barritas de 16g:0|3 barritas de 16g:0|4 barritas de 16g:0|5 barritas de 16g:0|6 barritas de 16g:0|7 barritas de 16g:0|8 barritas de 16g:0|9 barritas de 16g:0|10 barritas de 16g:0,,no,sin TACC|chocolate|org√°nico|vegano
CHOC_06,Chocolate sin az√∫car agregada 70%,Con stevia. Marca Colonial,no,0,la tableta de 100g,1 tableta de 100g:0|2 tabletas de 100g:0|3 tabletas de 100g:0|4 tabletas de 100g:0|5 tabletas de 100g:0|6 tabletas de 100g:0|7 tabletas de 100g:0|8 tabletas de 100g:0|9 tabletas de 100g:0|10 tabletas de 100g:0,,no,sin TACC|chocolate|org√°nico|vegano
COCO_00,Coco rallado,,s√≠,1500,los 100g,100g:1450|250g:3625|500g:7250|1kg:14500|2kg:29000|3kg:43500|4kg:58000|5kg:72500,,no,
COLA_00,Cola de caballo,,s√≠,1400,los 100g,100g:1350|250g:3375|500g:6750|1kg:13500|2kg:27000|3kg:40500|4kg:54000|5kg:67500,,no,yuyitos|tecitos
COMI_00,Comino,,s√≠,1300,los 50g,100g:2600|250g:6500|500g:13000|1kg:26000|2kg:52000|3kg:78000|4kg:104000|5kg:130000,,no,especias
CREA_00,Creatina,Monohidrato micronizada,no,0,la unidad,1 unidad:0|2 unidades:0|3 unidades:0|4 unidades:0|5 unidades:0|6 unidades:0|7 unidades:0|8 unidades:0|9 unidades:0|10 unidades:0,,no,suplementos
CURC_00,C√∫rcuma en polvo,,s√≠,2200,los 100g,100g:2200|250g:5500|500g:11000|1kg:22000|2kg:44000|3kg:66000|4kg:88000|5kg:110000,https://lh3.googleusercontent.com/d/1m5ltxkU1TDVXN-Ka3Bj9ECXDorvD5JX3,no,especias
CURR_00,Curry suave,Picante suave,s√≠,1300,los 100g,100g:1300|250g:3250|500g:6500|1kg:13000|2kg:26000|3kg:39000|4kg:52000|5kg:65000,https://lh3.googleusercontent.com/d/1SvA6qU5EZb11q41ETwJNr2ZTnClAS17N,no,especias
DATI_00,D√°tiles,Naturales con carozo,s√≠,8400,el kg,100g:840|250g:2100|500g:4200|1kg:8400|2kg:16800|3kg:25200|4kg:33600|5kg:42000,https://lh3.googleusercontent.com/d/1t4H5OQaMEpR0nIM61uwS7-bvwZFiN-Eq,no,frutos secos
ESPI_00,Espirulina,,no,5200,los 100g,100g:5200|250g:13000|500g:26000|1kg:52000|2kg:104000|3kg:156000|4kg:208000|5kg:260000,,no,suplementos|especias
EXTR_00,Extracto natural de vainilla,Marca El Castillo,s√≠,7000,la botellita de 100cc,1 botellita de 100cc:7000|2 botellitas de 100cc:14000|3 botellitas de 100cc:21000|4 botellitas de 100cc:28000|5 botellitas de 100cc:35000|6 botellitas de 100cc:42000|7 botellitas de 100cc:49000|8 botellitas de 100cc:56000|9 botellitas de 100cc:63000|10 botellitas de 100cc:70000,,no,especias
FECU_00,F√©cula de mandioca,Sin TACC. Marca FEMAG,s√≠,2800,el paquete de 1kg,1 paquete de 1kg:2800|2 paquetes de 1kg:5600|3 paquetes de 1kg:8400|4 paquetes de 1kg:11200|5 paquetes de 1kg:14000|6 paquetes de 1kg:16800|7 paquetes de 1kg:19600|8 paquetes de 1kg:22400|9 paquetes de 1kg:25200|10 paquetes de 1kg:28000,https://lh3.googleusercontent.com/d/1t6j_PCiYYvWEEebauj-LBDJhHPsKJprX,no,sin TACC|harina
FIDE_00,Fideos de arroz tradicionales,Marca Soyarroz,s√≠,2700,el paquete de 300g,1 paquete de 300g:2700|2 paquetes de 300g:5400|3 paquetes de 300g:8100|4 paquetes de 300g:10800|5 paquetes de 300g:13500|6 paquetes de 300g:16200|7 paquetes de 300g:18900|8 paquetes de 300g:21600|9 paquetes de 300g:24300|10 paquetes de 300g:27000,https://lh3.googleusercontent.com/d/1GZzghtUGSNFBYz1mUo94gBqmj8GXmwL0,no,sin TACC|cereales|vegano
FIDE_01,Fideos de arroz de espinaca,Marca Soyarroz,s√≠,2700,el paquete de 300g,1 paquete de 300g:2700|2 paquetes de 300g:5400|3 paquetes de 300g:8100|4 paquetes de 300g:10800|5 paquetes de 300g:13500|6 paquetes de 300g:16200|7 paquetes de 300g:18900|8 paquetes de 300g:21600|9 paquetes de 300g:24300|10 paquetes de 300g:27000,https://lh3.googleusercontent.com/d/1It86b1-Mt_v8nbR8sh_wOk9DK7Bv68k1,no,sin TACC|cereales|vegano
FIDE_02,Fideos de arroz de morr√≥n,Marca Soyarroz,s√≠,2700,el paquete de 300g,1 paquete de 300g:2700|2 paquetes de 300g:5400|3 paquetes de 300g:8100|4 paquetes de 300g:10800|5 paquetes de 300g:13500|6 paquetes de 300g:16200|7 paquetes de 300g:18900|8 paquetes de 300g:21600|9 paquetes de 300g:24300|10 paquetes de 300g:27000,https://lh3.googleusercontent.com/d/1qRLHbZX4lIYERb2Ug047UDyPHRBLghGF,no,sin TACC|cereales|vegano
FIDE_03,Fideos de arroz integrales,Marca Soyarroz,s√≠,2700,el paquete de 300g,1 paquete de 300g:2700|2 paquetes de 300g:5400|3 paquetes de 300g:8100|4 paquetes de 300g:10800|5 paquetes de 300g:13500|6 paquetes de 300g:16200|7 paquetes de 300g:18900|8 paquetes de 300g:21600|9 paquetes de 300g:24300|10 paquetes de 300g:27000,https://lh3.googleusercontent.com/d/109G11ZsTU5XcRFiVcqbmfvU6M6no40Pb,no,sin TACC|cereales|vegano
FIDE_04,Fideos fettuccine con espinaca,Org√°nicos. Marca Campo Claro,s√≠,4100,el paquete de 500g,1 paquete de 500g:4100|2 paquetes de 500g:8200|3 paquetes de 500g:12300|4 paquetes de 500g:16400|5 paquetes de 500g:20500|6 paquetes de 500g:24600|7 paquetes de 500g:28700|8 paquetes de 500g:32800|9 paquetes de 500g:36900|10 paquetes de 500g:41000,https://lh3.googleusercontent.com/d/1T7Ri49KLM0hnnpb3d2m5-73F-L3TgZmI,no,cereales|org√°nico
FIDE_05,Fideos tallarines integrales,Org√°nicos. Marca Campo Claro,s√≠,3800,el paquete de 500g,1 paquete de 500g:3800|2 paquetes de 500g:7600|3 paquetes de 500g:11400|4 paquetes de 500g:15200|5 paquetes de 500g:19000|6 paquetes de 500g:22800|7 paquetes de 500g:26600|8 paquetes de 500g:30400|9 paquetes de 500g:34200|10 paquetes de 500g:38000,https://lh3.googleusercontent.com/d/1pHum67G0q8neIUfppC061rAeBS8Y1sYq,no,novedades|cereales|org√°nico
FIDE_06,Fideos codito con harina de garbanzos,Org√°nicos. Marca Campo Claro,s√≠,4100,el paquete de 500g,1 paquete de 500g:4100|2 paquetes de 500g:8200|3 paquetes de 500g:12300|4 paquetes de 500g:16400|5 paquetes de 500g:20500|6 paquetes de 500g:24600|7 paquetes de 500g:28700|8 paquetes de 500g:32800|9 paquetes de 500g:36900|10 paquetes de 500g:41000,https://lh3.googleusercontent.com/d/1QIXLhmtTrl1NZ_6Q0rkDkZZuWY3sk1Xz,no,novedades|cereales|org√°nico
GALL_00,Galletas de arroz,,no,0,el paquete,1 paquete:0|2 paquetes:0|3 paquetes:0|4 paquetes:0|5 paquetes:0|6 paquetes:0|7 paquetes:0|8 paquetes:0|9 paquetes:0|10 paquetes:0,,no,cereales|snacks
GHEE_00,Ghee,Manteca clarificada. Marca Entre Nuts,s√≠,11500,el frasco de 300g,1 frasco de 300g:11500|2 frascos de 300g:23000|3 frascos de 300g:34500|4 frascos de 300g:46000|5 frascos de 300g:57500|6 frascos de 300g:69000|7 frascos de 300g:80500|8 frascos de 300g:92000|9 frascos de 300g:103500|10 frascos de 300g:115000,,no,sin TACC|aceite|cereales
HARI_00,Harina integral,,s√≠,2300,el kg,100g:226|250g:565|500g:1130|1kg:2260|2kg:4520|3kg:6780|4kg:9040|5kg:11300,https://lh3.googleusercontent.com/d/1iKJaBpkJPeW4tFKPXj3YUI2ehHHSvajW,no,cereales|harina
HARI_01,Harina integral org√°nica,Marca Campo Claro,s√≠,3200,el paquete de 1kg,1 paquete de 1kg:3150|2 paquetes de 1kg:6300|3 paquetes de 1kg:9450|4 paquetes de 1kg:12600|5 paquetes de 1kg:15750|6 paquetes de 1kg:18900|7 paquetes de 1kg:22050|8 paquetes de 1kg:25200|9 paquetes de 1kg:28350|10 paquetes de 1kg:31500,https://lh3.googleusercontent.com/d/1XGnLa5EkUKqXKQ20r7CPVXQcvYT8w8xE,no,cereales|harina|org√°nico
HARI_02,Harina de centeno org√°nica,Marca Campo Claro,s√≠,3800,el paquete de 1kg,1 paquete de 1kg:3780|2 paquetes de 1kg:7560|3 paquetes de 1kg:11340|4 paquetes de 1kg:15120|5 paquetes de 1kg:18900|6 paquetes de 1kg:22680|7 paquetes de 1kg:26460|8 paquetes de 1kg:30240|9 paquetes de 1kg:34020|10 paquetes de 1kg:37800,https://lh3.googleusercontent.com/d/1cjd5s_LMknnuu9-Q0d3gbW2nB8UinMf-,no,cereales|harina|org√°nico
HARI_03,Harina de garbanzo,,s√≠,1400,el kg,100g:140|250g:350|500g:700|1kg:1400|2kg:2800|3kg:4200|4kg:5600|5kg:7000,https://lh3.googleusercontent.com/d/1D2XhiF0pCyFP94TDRA7NIrUiEmOPu76R,s√≠,ofertas|legumbres|harina
HARI_04,Harina de garbanzo sin TACC,Org√°nica. Marca Dicomere,s√≠,2000,el paquete de 450g,1 paquete de 450g:2000|2 paquetes de 450g:4000|3 paquetes de 450g:6000|4 paquetes de 450g:8000|5 paquetes de 450g:10000|6 paquetes de 450g:12000|7 paquetes de 450g:14000|8 paquetes de 450g:16000|9 paquetes de 450g:18000|10 paquetes de 450g:20000,https://lh3.googleusercontent.com/d/1M7BqEYQMT5_aIe5WK95u-kBbAZCHghx5,no,sin TACC|legumbres|harina|org√°nico
HARI_05,Harina para arepas,Harina de ma√≠z blanco precocido Morixe,s√≠,3400,el paquete de 1kg,1 paquete de 1kg:3400|2 paquetes de 1kg:6800|3 paquetes de 1kg:10200|4 paquetes de 1kg:13600|5 paquetes de 1kg:17000|6 paquetes de 1kg:20400|7 paquetes de 1kg:23800|8 paquetes de 1kg:27200|9 paquetes de 1kg:30600|10 paquetes de 1kg:34000,https://lh3.googleusercontent.com/d/1PxibZuqAFepFWslLE68WlcNkU__QA0A3,no,cereales|harina
HARI_06,Harina de almendras,¬°Artesanal; hecha en el momento!,s√≠,2800,los 100g,100g:2840|250g:7100|500g:14200|1kg:28400|2kg:56800|3kg:85200|4kg:113600|5kg:142000,https://lh3.googleusercontent.com/d/1rD7EcIjatOWItVgQIvH2DlrFjYhe4cLb,no,harina
HARI_08,Harina de ch√≠a,,s√≠,4200,los 500g,100g:830|250g:2075|500g:4150|1kg:8300|2kg:16600|3kg:24900|4kg:33200|5kg:41500,https://lh3.googleusercontent.com/d/12if8dlRxhyJ1c1ETyH9mpykkGDXrwbTc,no,harina
HARI_09,Harina de lino,,s√≠,2100,los 500g,100g:410|250g:1025|500g:2050|1kg:4100|2kg:8200|3kg:12300|4kg:16400|5kg:20500,https://lh3.googleusercontent.com/d/19Aju5rvl9g4p6Atvg6I_U3lTrSt0KXi9,no,harina
HARI_10,Harina de arroz,,s√≠,2100,el kg,100g:210|250g:525|500g:1050|1kg:2100|2kg:4200|3kg:6300|4kg:8400|5kg:10500,https://lh3.googleusercontent.com/d/12WAazYQakgk5y-7YYc29aX0cbXP7NkN7,no,cereales|harina
HARI_11,Harina de lino dorado,¬°Artesanal; hecha en el momento!,no,500,los 100g,,,no,novedades|harina|semillas
HARI_12,Harina de arroz sin TACC,Marca Dicomere,s√≠,3100,el paquete de 1kg,1 paquete de 1kg:3100|2 paquetes de 1kg:6200|3 paquetes de 1kg:9300|4 paquetes de 1kg:12400|5 paquetes de 1kg:15500|6 paquetes de 1kg:18600|7 paquetes de 1kg:21700|8 paquetes de 1kg:24800|9 paquetes de 1kg:27900|10 paquetes de 1kg:31000,https://lh3.googleusercontent.com/d/1Vf--3A7sAF7agGJldZpqLRHZm1fhOoLn,no,sin TACC|cereales|harina
HARI_13,Harina de algarroba,,no,0,los 100g,100g:0|250g:0|500g:0|1kg:0|2kg:0|3kg:0|4kg:0|5kg:0,,no,harina
HARI_14,Harina de coco,,s√≠,3200,los 250g,100g:1260|250g:3150|500g:6300|1kg:12600|2kg:25200|3kg:37800|4kg:50400|5kg:63000,,no,harina
HARI_15,Harina integral de trigo,,no,800,el kg,100g:80|250g:200|500g:400|1kg:800|2kg:1600|3kg:2400|4kg:3200|5kg:4000,,no,
HIBI_00,Hibiscus,¬°Flor de hibiscus!,s√≠,5300,los 100g,100g:5300|250g:13250|500g:26500|1kg:53000|2kg:106000|3kg:159000|4kg:212000|5kg:265000,,no,yuyitos|tecitos
HIGO_00,Higos blancos,,s√≠,1200,los 100g,100g:1200|250g:3000|500g:6000|1kg:12000|2kg:24000|3kg:36000|4kg:48000|5kg:60000,https://lh3.googleusercontent.com/d/1Cs_gZLEGVZzqtPYYTpV802WYolwEXM9g,no,frutos secos
HONG_00,Hongos de pino,,s√≠,2300,los 100g,100g:2300|250g:5750|500g:11500|1kg:23000|2kg:46000|3kg:69000|4kg:92000|5kg:115000,,no,hongos
HONG_01,Melena de le√≥n doble extracto,Hongos adapt√≥genos. Marca Funga Gen,s√≠,28000,el frasquito de 50ml,1 frasquito de 50ml:28000|2 frasquitos de 50ml:56000|3 frasquitos de 50ml:84000|4 frasquitos de 50ml:112000|5 frasquitos de 50ml:140000|6 frasquitos de 50ml:168000|7 frasquitos de 50ml:196000|8 frasquitos de 50ml:224000|9 frasquitos de 50ml:252000|10 frasquitos de 50ml:280000,,no,suplementos|hongos
HONG_02,Reishi doble extracto,Hongos adapt√≥genos. Marca Funga Gen,s√≠,28000,el frasquito de 50ml,1 frasquito de 50ml:28000|2 frasquitos de 50ml:56000|3 frasquitos de 50ml:84000|4 frasquitos de 50ml:112000|5 frasquitos de 50ml:140000|6 frasquitos de 50ml:168000|7 frasquitos de 50ml:196000|8 frasquitos de 50ml:224000|9 frasquitos de 50ml:252000|10 frasquitos de 50ml:280000,,no,suplementos|hongos
HONG_03,Cordy doble extracto,Hongos adapt√≥genos. Marca Funga Gen,s√≠,28000,el frasquito de 50ml,1 frasquito de 50ml:28000|2 frasquitos de 50ml:56000|3 frasquitos de 50ml:84000|4 frasquitos de 50ml:112000|5 frasquitos de 50ml:140000|6 frasquitos de 50ml:168000|7 frasquitos de 50ml:196000|8 frasquitos de 50ml:224000|9 frasquitos de 50ml:252000|10 frasquitos de 50ml:280000,,no,suplementos|hongos
HONG_04,Shiitake doble extracto,Hongos adapt√≥genos. Marca Funga Gen,s√≠,28000,el frasquito de 50ml,1 frasquito de 50ml:28000|2 frasquitos de 50ml:56000|3 frasquitos de 50ml:84000|4 frasquitos de 50ml:112000|5 frasquitos de 50ml:140000|6 frasquitos de 50ml:168000|7 frasquitos de 50ml:196000|8 frasquitos de 50ml:224000|9 frasquitos de 50ml:252000|10 frasquitos de 50ml:280000,,no,suplementos|hongos
HONG_05,Cola de pavo doble extracto,Hongos adapt√≥genos. Marca Funga Gen,s√≠,28000,el frasquito de 50ml,1 frasquito de 50ml:28000|2 frasquitos de 50ml:56000|3 frasquitos de 50ml:84000|4 frasquitos de 50ml:112000|5 frasquitos de 50ml:140000|6 frasquitos de 50ml:168000|7 frasquitos de 50ml:196000|8 frasquitos de 50ml:224000|9 frasquitos de 50ml:252000|10 frasquitos de 50ml:280000,,no,suplementos|hongos
HUEV_00,Maple de huevos de gallinas felicesü§çüêî,De libre pastoreo. Marca Don Valent√≠n,s√≠,11600,el maple de 30 huevos,1 maple de 30 huevos:11600|2 maples de 30 huevos:23200|3 maples de 30 huevos:34800|4 maples de 30 huevos:46400|5 maples de 30 huevos:58000|6 maples de 30 huevos:69600|7 maples de 30 huevos:81200|8 maples de 30 huevos:92800|9 maples de 30 huevos:104400|10 maples de 30 huevos:116000,,no,org√°nico
HUEV_01,Huevos de gallinas felicesü§çüêî,De libre pastoreo. Marca Don Valent√≠n,s√≠,4800,la docena,1 docena:4800|2 docenas:9600|3 docenas:14400|4 docenas:19200|5 docenas:24000|6 docenas:28800|7 docenas:33600|8 docenas:38400|9 docenas:43200|10 docenas:48000,,no,org√°nico
JENG_00,Jengibre en polvo,,s√≠,2600,los 100g,100g:2600|250g:6500|500g:13000|1kg:26000|2kg:52000|3kg:78000|4kg:104000|5kg:130000,https://lh3.googleusercontent.com/d/1Vmb65qj2a-0GXNWjKrwg2jCEXp2-LRqo,no,especias|tecitos
LAUR_00,Laurel hojas,,s√≠,3000,los 100g,100g:3000|250g:7500|500g:15000|1kg:30000|2kg:60000|3kg:90000|4kg:120000|5kg:150000,https://lh3.googleusercontent.com/d/15YLOsAPJXGj1mNCvjTLnK2x7gqelqXg2,no,yuyitos|especias
LAVA_00,Lavanda flores,,s√≠,4000,los 100g,100g:3950|250g:9875|500g:19750|1kg:39500|2kg:79000|3kg:118500|4kg:158000|5kg:197500,https://lh3.googleusercontent.com/d/117upZ-1IjFJI9Cr4S8kcQYs43RRnWdVj,no,yuyitos|tecitos
LECH_00,Leche de nuez pecan sin az√∫car,Marca Pampa Vida,s√≠,4200,el envase de 1 litro,1 envase de 1 litro:4200|2 envases de 1 litro:8400|3 envases de 1 litro:12600|4 envases de 1 litro:16800|5 envases de 1 litro:21000|6 envases de 1 litro:25200|7 envases de 1 litro:29400|8 envases de 1 litro:33600|9 envases de 1 litro:37800|10 envases de 1 litro:42000,,no,sin TACC|leches vegetales|vegano
LECH_02,Leche de almendras prot√©ica sin az√∫car,Marca Pampa Vida,s√≠,5100,el envase de 1 litro,1 envase de 1 litro:5100|2 envases de 1 litro:10200|3 envases de 1 litro:15300|4 envases de 1 litro:20400|5 envases de 1 litro:25500|6 envases de 1 litro:30600|7 envases de 1 litro:35700|8 envases de 1 litro:40800|9 envases de 1 litro:45900|10 envases de 1 litro:51000,,no,sin TACC|suplementos|leches vegetales|vegano
LECH_03,Leche de almendras sin az√∫car,Marca Tratenfu,s√≠,4500,el envase de 1 litro,1 envase de 1 litro:4500|2 envases de 1 litro:9000|3 envases de 1 litro:13500|4 envases de 1 litro:18000|5 envases de 1 litro:22500|6 envases de 1 litro:27000|7 envases de 1 litro:31500|8 envases de 1 litro:36000|9 envases de 1 litro:40500|10 envases de 1 litro:45000,,no,sin TACC|leches vegetales|vegano
LLAN_00,Llant√©n,,s√≠,1900,los 100g,100g:1900|250g:4750|500g:9500|1kg:19000|2kg:38000|3kg:57000|4kg:76000|5kg:95000,https://lh3.googleusercontent.com/d/1It5h1vbfk7kO6gGvMjbpXapazXxgX_1g,no,yuyitos|tecitos
MACA_00,Maca,Org√°nica. Marca Kallpa,s√≠,2500,el paquete de 500g,1 paquete de 500g:2500|2 paquetes de 500g:5000|3 paquetes de 500g:7500|4 paquetes de 500g:10000|5 paquetes de 500g:12500|6 paquetes de 500g:15000|7 paquetes de 500g:17500|8 paquetes de 500g:20000|9 paquetes de 500g:22500|10 paquetes de 500g:25000,,no,suplementos|org√°nico
MAIC_00,F√©cula de ma√≠z,Maicena,no,2100,el kg,100g:210|250g:525|500g:1050|1kg:2100|2kg:4200|3kg:6300|4kg:8400|5kg:10500,https://lh3.googleusercontent.com/d/1F-cVPoYF-n_vDLcW6cw-hTnmhcC4UaZx,no,harina
MAIC_01,F√©cula de ma√≠z sin TACC,Maicena. Marca Dicomere,s√≠,1700,el paquete de 450g,1 paquete de 450g:1700|2 paquetes de 450g:3400|3 paquetes de 450g:5100|4 paquetes de 450g:6800|5 paquetes de 450g:8500|6 paquetes de 450g:10200|7 paquetes de 450g:11900|8 paquetes de 450g:13600|9 paquetes de 450g:15300|10 paquetes de 450g:17000,https://lh3.googleusercontent.com/d/1rbai6gPXUfZfBWDXmD1Ulv8XDmCVeTH2,no,sin TACC|harina
MAIZ_00,Ma√≠z piscingallo,üçø,s√≠,1600,el kg,100g:160|250g:400|500g:800|1kg:1600|2kg:3200|3kg:4800|4kg:6400|5kg:8000,https://lh3.googleusercontent.com/d/1Xy8fa-In1pJ6n8gHA60bNmyQuAkaDbwF,no,cereales
MANI_00,Man√≠ tostado sin sal,,s√≠,4300,el kg,100g:430|250g:1075|500g:2150|1kg:4300|2kg:8600|3kg:12900|4kg:17200|5kg:21500,https://lh3.googleusercontent.com/d/18mP3UT901XXRfkhTsUbuMwQj-3g-fe4h,no,frutos secos|snacks
MANI_01,Man√≠ tostado con sal,,s√≠,4300,el kg,100g:430|250g:1075|500g:2150|1kg:4300|2kg:8600|3kg:12900|4kg:17200|5kg:21500,https://lh3.googleusercontent.com/d/16cpvcL1mkSlhA_q77CidqK2YBIgL_X57,no,frutos secos|snacks
MANI_02,Man√≠ crudo,,s√≠,5000,el kg,100g:500|250g:1250|500g:2500|1kg:5000|2kg:10000|3kg:15000|4kg:20000|5kg:25000,https://lh3.googleusercontent.com/d/1U0a0SbwvtT0uS-zewLhfdnHe8yG7rZo5,no,frutos secos
MANI_03,Man√≠ con chocolate,,no,0,los 100g,100g:0|250g:0|500g:0|1kg:0|2kg:0|3kg:0|4kg:0|5kg:0,,no,frutos secos|snacks|chocolate
MANZ_00,Manzanilla,¬°Flor de manzanilla!,s√≠,4100,los 100g,100g:4100|250g:10250|500g:20500|1kg:41000|2kg:82000|3kg:123000|4kg:164000|5kg:205000,https://lh3.googleusercontent.com/d/1GAMh5vTEP6wdvIZEUYbfO4Czlo1gZXCJ,no,yuyitos|tecitos
MARC_00,Marcela,,s√≠,1100,los 100g,100g:1100|250g:2750|500g:5500|1kg:11000|2kg:22000|3kg:33000|4kg:44000|5kg:55000,https://lh3.googleusercontent.com/d/1VU0r5IXzzw63K9smxTN8SOG_y7U_FKbr,no,yuyitos|tecitos
MENT_00,Menta egipcia,,s√≠,2000,los 100g,100g:2000|250g:5000|500g:10000|1kg:20000|2kg:40000|3kg:60000|4kg:80000|5kg:100000,https://lh3.googleusercontent.com/d/1P2Sa1vvzvtRyWvUwewT19aaqxc7iWr6b,no,novedades|yuyitos|tecitos
MERK_00,Merk√©n,,s√≠,2100,los 100g,100g:2100|250g:5250|500g:10500|1kg:21000|2kg:42000|3kg:63000|4kg:84000|5kg:105000,https://lh3.googleusercontent.com/d/1p_w8sPu7FIXMzHWJ1zi8toBEyZNgyUMR,no,especias
MERM_00,Mermelada de frutos rojos,Endulzada con miel,s√≠,4900,el frasco de 500g,1 frasco de 500g:4900|2 frascos de 500g:9800|3 frascos de 500g:14700|4 frascos de 500g:19600|5 frascos de 500g:24500|6 frascos de 500g:29400|7 frascos de 500g:34300|8 frascos de 500g:39200|9 frascos de 500g:44100|10 frascos de 500g:49000,https://lh3.googleusercontent.com/d/1m5XYASEFeK6jU1H850LzD7ZQzokIbDLl,no,sin TACC|mermeladas/dulces
MIEL_00,Miel l√≠quida,Marca De Los Arroyos,s√≠,6200,el frasco de 1kg,1 frasco de 1kg:6200|2 frascos de 1kg:12400|3 frascos de 1kg:18600|4 frascos de 1kg:24800|5 frascos de 1kg:31000|6 frascos de 1kg:37200|7 frascos de 1kg:43400|8 frascos de 1kg:49600|9 frascos de 1kg:55800|10 frascos de 1kg:62000,https://lh3.googleusercontent.com/d/1LPxuX8-g60Ijn-f0aeNjb6NGjHndjq1o,no,sin TACC|miel
MIEL_01,Miel cremosa,Marca La Colmena de Cristal,no,6800,el frasco de 900g,1 frasco de 900g:6800|2 frascos de 900g:13600|3 frascos de 900g:20400|4 frascos de 900g:27200|5 frascos de 900g:34000|6 frascos de 900g:40800|7 frascos de 900g:47600|8 frascos de 900g:54400|9 frascos de 900g:61200|10 frascos de 900g:68000,https://lh3.googleusercontent.com/d/1GCKcHDgQ_ZenKjUe86b3HRA6N2NjQBeS,no,miel
MIEL_02,Miel con jengibre,Marca Apidelta,s√≠,3100,el frasco de 240g,1 frasco de 240g:3120|2 frascos de 240g:6240|3 frascos de 240g:9360|4 frascos de 240g:12480|5 frascos de 240g:15600|6 frascos de 240g:18720|7 frascos de 240g:21840|8 frascos de 240g:24960|9 frascos de 240g:28080|10 frascos de 240g:31200,https://lh3.googleusercontent.com/d/1RoSPnWSCepjpDokACC9ECOll6IDcS-v6,no,miel
MIEL_03,Miel fraccionada,,no,0,el kg,100g:0|250g:0|500g:0|1kg:0|2kg:0|3kg:0|4kg:0|5kg:0,,no,miel
MIEL_04,Miel l√≠quida,Marca De Los Arroyos,s√≠,4000,el frasco de 500g,1 frasco de 500g:4000|2 frascos de 500g:8000|3 frascos de 500g:12000|4 frascos de 500g:16000|5 frascos de 500g:20000|6 frascos de 500g:24000|7 frascos de 500g:28000|8 frascos de 500g:32000|9 frascos de 500g:36000|10 frascos de 500g:40000,https://lh3.googleusercontent.com/d/1SlWdNq_sdxoU9hgehrAPS2JRS-f3pc3V,no,sin TACC|miel
MIEL_05,Mentomiel,Miel con menta. Marca Apidelta,s√≠,3700,el frasco de 240g,1 frasco de 240g:3700|2 frascos de 240g:7400|3 frascos de 240g:11100|4 frascos de 240g:14800|5 frascos de 240g:18500|6 frascos de 240g:22200|7 frascos de 240g:25900|8 frascos de 240g:29600|9 frascos de 240g:33300|10 frascos de 240g:37000,https://lh3.googleusercontent.com/d/1w66OfSAvqJ7U0wIcOtatvaYGONCeu_zJ,no,miel
MIJO_00,Semillas de Mijo,,s√≠,2400,el kg,100g:235|250g:587.5|500g:1175|1kg:2350|2kg:4700|3kg:7050|4kg:9400|5kg:11750,https://lh3.googleusercontent.com/d/1SyJ427EfugmNZARcy4XNmRNT-SjYKsJ_,no,cereales
MIXF_00,Mix de frutos secos con pasas,,no,0,los 100g,100g:0|250g:0|500g:0|1kg:0|2kg:0|3kg:0|4kg:0|5kg:0,,no,frutos secos|snacks|vegano
MIXF_01,Mix de frutos secos sin pasas,,no,0,los 100g,100g:0|250g:0|500g:0|1kg:0|2kg:0|3kg:0|4kg:0|5kg:0,,no,frutos secos|snacks|vegano
NUEM_00,Nuez moscada,,s√≠,1000,los 25g,100g:3800|250g:9500|500g:19000|1kg:38000|2kg:76000|3kg:114000|4kg:152000|5kg:190000,https://lh3.googleusercontent.com/d/1syV9d0vZ-JC2SAz3EhDMKBBc9m0UefQu,no,especias
NUEZ_00,Nuez mariposa,Extra Light,s√≠,1800,los 100g,100g:1800|250g:4500|500g:9000|1kg:18000|2kg:36000|3kg:54000|4kg:72000|5kg:90000,https://lh3.googleusercontent.com/d/1o__FuUFhxEm89qghVaxC_aCpzHpSqLnM,no,frutos secos
NUEZ_01,Nuez pec√°n,,s√≠,2600,los 100g,100g:2560|250g:6400|500g:12800|1kg:25600|2kg:51200|3kg:76800|4kg:102400|5kg:128000,https://lh3.googleusercontent.com/d/1m_Gayo130fpGguTve83x8SZhnbtICVeI,no,frutos secos
OREG_00,Or√©gano,,s√≠,900,los 50g,100g:1720|250g:4300|500g:8600|1kg:17200|2kg:34400|3kg:51600|4kg:68800|5kg:86000,https://lh3.googleusercontent.com/d/1QCQUBmAF0LR8tuPl-8bpw8VwOkBIC3Jg,no,especias
PASA_00,Pasas de uva morochas,Variedad jumbo,s√≠,700,los 100g,100g:730|250g:1825|500g:3650|1kg:7300|2kg:14600|3kg:21900|4kg:29200|5kg:36500,https://lh3.googleusercontent.com/d/1c-j42FDfBCr7OZGVwM7cAgsWjcldS0CC,no,frutos secos
PASA_01,Pasas de uva rubias,Variedad sultaninas,s√≠,1100,los 100g,100g:1050|250g:2625|500g:5250|1kg:10500|2kg:21000|3kg:31500|4kg:42000|5kg:52500,https://lh3.googleusercontent.com/d/1IcB8n4hfvGUq4xcNjL4uhObmmN6a_lqk,no,frutos secos
PASA_02,Pasas de uva con chocolate ,,no,0,los 100g,100g:0|250g:0|500g:0|1kg:0|2kg:0|3kg:0|4kg:0|5kg:0,,no,frutos secos|snacks|chocolate
PAST_00,Pasta de man√≠,Marca Entre Nuts,s√≠,3100,el frasco de 370g,1 frasco de 370g:3100|2 frascos de 370g:6200|3 frascos de 370g:9300|4 frascos de 370g:12400|5 frascos de 370g:15500|6 frascos de 370g:18600|7 frascos de 370g:21700|8 frascos de 370g:24800|9 frascos de 370g:27900|10 frascos de 370g:31000,https://lh3.googleusercontent.com/d/1OD-baPXu_L_ySSrV5DVOUjcJD3UWka-I,no,sin TACC|frutos secos
PAST_01,Pasta de man√≠ con cacao,Marca Entre Nuts,s√≠,3300,el frasco de 370g,1 frasco de 370g:3300|2 frascos de 370g:6600|3 frascos de 370g:9900|4 frascos de 370g:13200|5 frascos de 370g:16500|6 frascos de 370g:19800|7 frascos de 370g:23100|8 frascos de 370g:26400|9 frascos de 370g:29700|10 frascos de 370g:33000,https://lh3.googleusercontent.com/d/1aFqrXeWRubozNkJuA_lABYmldZ8GoNTJ,no,sin TACC|frutos secos
PAST_02,Pasta de man√≠ con coco,Marca Entre Nuts,s√≠,3300,el frasco de 370g,1 frasco de 370g:3300|2 frascos de 370g:6600|3 frascos de 370g:9900|4 frascos de 370g:13200|5 frascos de 370g:16500|6 frascos de 370g:19800|7 frascos de 370g:23100|8 frascos de 370g:26400|9 frascos de 370g:29700|10 frascos de 370g:33000,https://lh3.googleusercontent.com/d/19L6qZynenwEnyWf-CtDNfbVn6RVKvQ6i,no,frutos secos
PAST_03,Pasta de man√≠ con stevia,Marca Entre Nuts,s√≠,3300,el frasco de 370g,1 frasco de 370g:3300|2 frascos de 370g:6600|3 frascos de 370g:9900|4 frascos de 370g:13200|5 frascos de 370g:16500|6 frascos de 370g:19800|7 frascos de 370g:23100|8 frascos de 370g:26400|9 frascos de 370g:29700|10 frascos de 370g:33000,https://lh3.googleusercontent.com/d/1bl3qBcUrn0gu2-iwAUqL4SMLXKJLI83v,no,frutos secos
PAST_04,Tahini,Pasta de s√©samo. Marca Zenny,s√≠,6900,el frasco de 250g,1 frasco de 250g:6900|2 frascos de 250g:13800|3 frascos de 250g:20700|4 frascos de 250g:27600|5 frascos de 250g:34500|6 frascos de 250g:41400|7 frascos de 250g:48300|8 frascos de 250g:55200|9 frascos de 250g:62100|10 frascos de 250g:69000,https://lh3.googleusercontent.com/d/1ZoW4XjfF3CpFWvJ4Y6Sfn19yDjsOt3Q4,no,frutos secos
PAST_05,Pasta de man√≠ ahumado,Marca Entre Nuts,s√≠,3300,el frasco de 360g,1 frasco de 360g:3300|2 frascos de 360g:6600|3 frascos de 360g:9900|4 frascos de 360g:13200|5 frascos de 360g:16500|6 frascos de 360g:19800|7 frascos de 360g:23100|8 frascos de 360g:26400|9 frascos de 360g:29700|10 frascos de 360g:33000,https://lh3.googleusercontent.com/d/1AuA1S-XnvuNZL09E3uvImUSK5XUuQTAj,no,frutos secos
PEPE_00,Peperina hojas,,s√≠,1900,los 100g,100g:1900|250g:4750|500g:9500|1kg:19000|2kg:38000|3kg:57000|4kg:76000|5kg:95000,https://lh3.googleusercontent.com/d/1kRT6TkK9RcMFriNjCU-VWs_oIMwwTjqF,no,yuyitos|tecitos
PERA_00,Peras deshidratadas,,s√≠,3800,los 250g,100g:1530|250g:3825|500g:7650|1kg:15300|2kg:30600|3kg:45900|4kg:61200|5kg:76500,https://lh3.googleusercontent.com/d/1L_NAbxfN--YsXPRfDoJt2spnKgFapiHn,no,frutos secos
PIME_00,Pimenton ahumado,,s√≠,2400,los 100g,100g:2400|250g:6000|500g:12000|1kg:24000|2kg:48000|3kg:72000|4kg:96000|5kg:120000,https://lh3.googleusercontent.com/d/1n_mcDTmyDz8yuVNwcMaSVYA5SvPLAhZl,no,especias
PIME_01,Pimenton dulce,,s√≠,2300,los 100g,100g:2300|250g:5750|500g:11500|1kg:23000|2kg:46000|3kg:69000|4kg:92000|5kg:115000,https://lh3.googleusercontent.com/d/1n_mcDTmyDz8yuVNwcMaSVYA5SvPLAhZl,no,especias
PIMI_00,Pimienta negra molida,,s√≠,2100,los 50g,100g:4100|250g:10250|500g:20500|1kg:41000|2kg:82000|3kg:123000|4kg:164000|5kg:205000,https://lh3.googleusercontent.com/d/1DfNzeUOSdMMCQujtS7Xn7Bv__KvCjwjW,no,especias
PIMI_01,Pimienta blanca molida,,s√≠,3200,los 50g,100g:6400|250g:16000|500g:32000|1kg:64000|2kg:128000|3kg:192000|4kg:256000|5kg:320000,https://lh3.googleusercontent.com/d/1jf9tARdmJOH7pc6OEWaywmhOvs5pI_lz,no,especias
POLE_00,Poleo,,s√≠,1800,los 100g,100g:1800|250g:4500|500g:9000|1kg:18000|2kg:36000|3kg:54000|4kg:72000|5kg:90000,https://lh3.googleusercontent.com/d/1BzpRIH5zosetnv4EcH3Oem8iHEcTLx_X,no,yuyitos|tecitos
POLV_00,Polvo de hornear,,s√≠,900,los 100g,100g:860|250g:2150|500g:4300|1kg:8600|2kg:17200|3kg:25800|4kg:34400|5kg:43000,https://lh3.googleusercontent.com/d/1f21bTGf8cptHNrHCbovt0Y1lnsHFUg-K,no,especias
PORO_00,Porotos Mung,,s√≠,3200,el kg,100g:320|250g:800|500g:1600|1kg:3200|2kg:6400|3kg:9600|4kg:12800|5kg:16000,https://lh3.googleusercontent.com/d/1aAHb8DjquPkDqz74VBO13OY_EKs9C3ZK,no,legumbres
PORO_01,Porotos Negros,,s√≠,2400,el kg,100g:240|250g:600|500g:1200|1kg:2400|2kg:4800|3kg:7200|4kg:9600|5kg:12000,https://lh3.googleusercontent.com/d/1UcCugu5hR0ir3Vkvsp4Rb7E_Tqsem9AN,no,legumbres
PORO_02,Porotos Aduki,,s√≠,2700,el kg,100g:270|250g:675|500g:1350|1kg:2700|2kg:5400|3kg:8100|4kg:10800|5kg:13500,https://lh3.googleusercontent.com/d/1DvAnl3kV9VJaAGTJ408IqrS4JumOPZkz,no,legumbres
PORO_03,Porotos Alubia,,s√≠,4400,el kg,100g:440|250g:1100|500g:2200|1kg:4400|2kg:8800|3kg:13200|4kg:17600|5kg:22000,https://lh3.googleusercontent.com/d/1kRkSoGJgL-b_wBPTHRJYyBP-K3bUxqkD,no,legumbres
PROT_00,Prote√≠na vegetal,,no,0,la unidad,1 unidad:0|2 unidades:0|3 unidades:0|4 unidades:0|5 unidades:0|6 unidades:0|7 unidades:0|8 unidades:0|9 unidades:0|10 unidades:0,,no,suplementos
PROV_00,Provenzal,,s√≠,2200,los 100g,100g:2200|250g:5500|500g:11000|1kg:22000|2kg:44000|3kg:66000|4kg:88000|5kg:110000,https://lh3.googleusercontent.com/d/14znZSilgynBdPwXSnkTqaI6y4dYDiFGk,no,especias
QUIN_01,Quinoa,Quinoa real blanca (Peru),s√≠,12300,el kg,100g:1230|250g:3075|500g:6150|1kg:12300|2kg:24600|3kg:36900|4kg:49200|5kg:61500,https://lh3.googleusercontent.com/d/1XiLf3lCQN9yUme0gtp8HnZcfcfNzUnDx,no,cereales
ROME_00,Romero,,s√≠,2500,los 100g,100g:2500|250g:6250|500g:12500|1kg:25000|2kg:50000|3kg:75000|4kg:100000|5kg:125000,https://lh3.googleusercontent.com/d/19jUhCvN1ShWofGGneRsRzj4aeK2uy19y,no,especias
SAHU_00,Sahumerios Satya Nag Champa,,s√≠,1800,la cajita de 12 sahumerios,1 cajita de 12 sahumerios:1800|2 cajitas de 12 sahumerios:3600|3 cajitas de 12 sahumerios:5400|4 cajitas de 12 sahumerios:7200|5 cajitas de 12 sahumerios:9000|6 cajitas de 12 sahumerios:10800|7 cajitas de 12 sahumerios:12600|8 cajitas de 12 sahumerios:14400|9 cajitas de 12 sahumerios:16200|10 cajitas de 12 sahumerios:18000,,no,
SALM_00,Sal marina fina,Marca Macrozen,s√≠,1900,el paquete de 500g,1 paquete de 500g:1900|2 paquetes de 500g:3800|3 paquetes de 500g:5700|4 paquetes de 500g:7600|5 paquetes de 500g:9500|6 paquetes de 500g:11400|7 paquetes de 500g:13300|8 paquetes de 500g:15200|9 paquetes de 500g:17100|10 paquetes de 500g:19000,https://lh3.googleusercontent.com/d/1tdLhBmCKxQiaQxtPnj15uGYA0EVrFcqy,no,sin TACC|harina
SALM_01,Sal marina fina,Marca Frutos de mi tierra,s√≠,1700,el paquete de 500g,1 paquete de 500g:1700|2 paquetes de 500g:3400|3 paquetes de 500g:5100|4 paquetes de 500g:6800|5 paquetes de 500g:8500|6 paquetes de 500g:10200|7 paquetes de 500g:11900|8 paquetes de 500g:13600|9 paquetes de 500g:15300|10 paquetes de 500g:17000,https://lh3.googleusercontent.com/d/1M7pg8GE2f3ow6yWvubDT0nR8k_GftDfl,no,especias
SALM_02,Sal marina gruesa,Marca Macrozen,s√≠,1900,el paquete de 500g,1 paquete de 500g:1900|2 paquetes de 500g:3800|3 paquetes de 500g:5700|4 paquetes de 500g:7600|5 paquetes de 500g:9500|6 paquetes de 500g:11400|7 paquetes de 500g:13300|8 paquetes de 500g:15200|9 paquetes de 500g:17100|10 paquetes de 500g:19000,https://lh3.googleusercontent.com/d/10q_bi6fBILrg4Dkyk1qJ6UclGtvvZhau,no,sin TACC|especias
SALM_03,Sal marina gruesa,Marca Frutos de mi tierra,s√≠,1700,el paquete de 500g,1 paquete de 500g:1700|2 paquetes de 500g:3400|3 paquetes de 500g:5100|4 paquetes de 500g:6800|5 paquetes de 500g:8500|6 paquetes de 500g:10200|7 paquetes de 500g:11900|8 paquetes de 500g:13600|9 paquetes de 500g:15300|10 paquetes de 500g:17000,https://lh3.googleusercontent.com/d/1tSbVXbPCPU_s2R0Wu0lmvdtg9LiZx3dS,no,especias
SALR_00,Sal rosa del himalaya,,s√≠,3000,el kg,100g:300|250g:750|500g:1500|1kg:3000|2kg:6000|3kg:9000|4kg:12000|5kg:15000,https://lh3.googleusercontent.com/d/124_zlUV41p800Necgau9-3cCy16XZXru,no,especias
SEMI_00,Semillas de ch√≠a,,s√≠,900,los 100g,100g:850|250g:2125|500g:4250|1kg:8500|2kg:17000|3kg:25500|4kg:34000|5kg:42500,https://lh3.googleusercontent.com/d/1hfHo2j1CFUhH4cYMQsGVnV1t5zArOzbg,no,semillas
SEMI_01,Semillas de girasol,Sin c√°scara,s√≠,500,los 100g,100g:500|250g:1250|500g:2500|1kg:5000|2kg:10000|3kg:15000|4kg:20000|5kg:25000,https://lh3.googleusercontent.com/d/1rr5gJ_vcRDOF5hGAOrBAjHmPo4KtA736,no,semillas|snacks
SEMI_02,Semillas de lino marr√≥n,,s√≠,400,los 100g,100g:390|250g:975|500g:1950|1kg:3900|2kg:7800|3kg:11700|4kg:15600|5kg:19500,https://lh3.googleusercontent.com/d/10oUL2pg_CmUkldwx60OKViGLIvYXV4lF,no,semillas
SEMI_03,Semillas de s√©samo blanco,,s√≠,1000,los 100g,100g:1040|250g:2600|500g:5200|1kg:10400|2kg:20800|3kg:31200|4kg:41600|5kg:52000,https://lh3.googleusercontent.com/d/1HB0AdnXCRqaaxAuwJLWV9t-zO_9ToGCz,no,semillas
SEMI_04,Semillas de s√©samo integral,,s√≠,400,los 100g,100g:420|250g:1050|500g:2100|1kg:4200|2kg:8400|3kg:12600|4kg:16800|5kg:21000,https://lh3.googleusercontent.com/d/1pMrjxC8f9pTJRMminPfOQ9aVuloEGUe3,no,semillas
SEMI_05,Semillas de s√©samo negro,,s√≠,900,los 100g,100g:890|250g:2225|500g:4450|1kg:8900|2kg:17800|3kg:26700|4kg:35600|5kg:44500,https://lh3.googleusercontent.com/d/1d-KBILUNPofjC364BT8pGGQJaPzz2VUG,no,semillas
SEMI_06,Semillas de calabaza,,s√≠,1500,los 100g,100g:1500|250g:3750|500g:7500|1kg:15000|2kg:30000|3kg:45000|4kg:60000|5kg:75000,https://lh3.googleusercontent.com/d/12Vv2MDg6mLyE3_dBxvcfjVW5GxFQGCxH,no,semillas|snacks
SEMI_07,Semillas de lino dorado,,s√≠,500,los 100g,100g:450|250g:1125|500g:2250|1kg:4500|2kg:9000|3kg:13500|4kg:18000|5kg:22500,https://lh3.googleusercontent.com/d/1CxoPo8NRRVPhshzDB0W8JDBuWDyoWebK,no,
SOJA_00,Soja texturizada org√°nica,,no,14600,el kg,100g:1457|250g:3642.5|500g:7285|1kg:14570|2kg:29140|3kg:43710|4kg:58280|5kg:72850,https://lh3.googleusercontent.com/d/1nKx4nOOM0ELZbWUEYXtH1dqOnPx9w1nk,no,legumbres|org√°nico
SOJA_01,Soja texturizada,,s√≠,3000,el kg,100g:295|250g:737.5|500g:1475|1kg:2950|2kg:5900|3kg:8850|4kg:11800|5kg:14750,https://lh3.googleusercontent.com/d/1nKx4nOOM0ELZbWUEYXtH1dqOnPx9w1nk,no,legumbres
STEV_00,Stevia en hojas,,no,3200,los 100g,100g:3200|250g:8000|500g:16000|1kg:32000|2kg:64000|3kg:96000|4kg:128000|5kg:160000,https://lh3.googleusercontent.com/d/195gkhdpmzr8s91Vkd4eD4w1AjXaB5u4A,no,yuyitos|tecitos
SUDA_00,Pasta de dientes Sudanta de canela,Pasta dental ayurv√©dica libre de fl√∫or con canela y clavo de olor. Presentaci√≥n de 200g,s√≠,13300,la unidad de 200g,1 unidad de 200g:13300|2 unidades de 200g:26600|3 unidades de 200g:39900|4 unidades de 200g:53200|5 unidades de 200g:66500|6 unidades de 200g:79800|7 unidades de 200g:93100|8 unidades de 200g:106400|9 unidades de 200g:119700|10 unidades de 200g:133000,https://lh3.googleusercontent.com/d/1gzCcBXwNsGPjQlkUc8CYQXKxNk-2a0aW,no,novedades|sin TACC|vegano
SUDA_01,Pasta de dientes Sudanta de menta,Pasta dental ayurv√©dica libre de fl√∫or con carb√≥n activado y menta. Presentaci√≥n de 200g,s√≠,9000,la unidad de 200g,1 unidad de 200g:9000|2 unidades de 200g:18000|3 unidades de 200g:27000|4 unidades de 200g:36000|5 unidades de 200g:45000|6 unidades de 200g:54000|7 unidades de 200g:63000|8 unidades de 200g:72000|9 unidades de 200g:81000|10 unidades de 200g:90000,,no,novedades|sin TACC|vegano
SUDA_02,Pasta de dientes Sudanta de menta,Pasta dental ayurv√©dica libre de fl√∫or con carb√≥n activado y menta. Presentaci√≥n de 100g,s√≠,6600,la unidad de 100g,1 unidad de 100g:6600|2 unidades de 100g:13200|3 unidades de 100g:19800|4 unidades de 100g:26400|5 unidades de 100g:33000|6 unidades de 100g:39600|7 unidades de 100g:46200|8 unidades de 100g:52800|9 unidades de 100g:59400|10 unidades de 100g:66000,,no,novedades|sin TACC|vegano
TENE_00,T√© negro,,s√≠,900,los 100g,100g:900|250g:2250|500g:4500|1kg:9000|2kg:18000|3kg:27000|4kg:36000|5kg:45000,https://lh3.googleusercontent.com/d/1kR3EkfSqT7vLx3YdGtaHWqJotIq8cmL-,no,yuyitos|tecitos
TERO_00,T√© rojo,,s√≠,900,los 100g,100g:900|250g:2250|500g:4500|1kg:9000|2kg:18000|3kg:27000|4kg:36000|5kg:45000,https://lh3.googleusercontent.com/d/1C2Blqm3wEf1pOQMOR6M5U14FuaqLaTb_,no,yuyitos|tecitos
TEVE_00,T√© verde,,s√≠,900,los 100g,100g:900|250g:2250|500g:4500|1kg:9000|2kg:18000|3kg:27000|4kg:36000|5kg:45000,https://lh3.googleusercontent.com/d/11nrRal7Zi0MKqYnafHXBVLVsK-3Cmqoj,no,yuyitos|tecitos
TILO_00,Tilo,,s√≠,8700,los 100g,100g:8664|250g:21660|500g:43320|1kg:86640|2kg:173280|3kg:259920|4kg:346560|5kg:433200,https://lh3.googleusercontent.com/d/1cHIIM2jaBKoylma9uNC-Krl2JFOD2IDt,no,yuyitos|tecitos
TOFU_00,Tofu,,no,0,la unidad,1 unidad:0|2 unidades:0|3 unidades:0|4 unidades:0|5 unidades:0|6 unidades:0|7 unidades:0|8 unidades:0|9 unidades:0|10 unidades:0,,no,especias|org√°nico
TOMA_00,Tomates secos,,s√≠,2100,los 100g,100g:2100|250g:5250|500g:10500|1kg:21000|2kg:42000|3kg:63000|4kg:84000|5kg:105000,https://lh3.googleusercontent.com/d/1hek32HPe5yLABehH-QGwB4HWjSokeUPU,no,
TOMA_01,Tomate triturado,,no,0,la botella,1 botella:0|2 botellas:0|3 botellas:0|4 botellas:0|5 botellas:0|6 botellas:0|7 botellas:0|8 botellas:0|9 botellas:0|10 botellas:0,,no,
TOMI_00,Tomillo,Variedad Sumeidades,s√≠,1200,los 100g,100g:1200|250g:3000|500g:6000|1kg:12000|2kg:24000|3kg:36000|4kg:48000|5kg:60000,https://lh3.googleusercontent.com/d/17CCsQaOOktuC_vVQdMcVm089RZm-EtFe,no,especias
YERB_00,Yerba Las Tunas,Elaborada con palo. Estacionamiento natural,s√≠,4400,el paquete de 1kg,1 paquete de 1kg:4420|2 paquetes de 1kg:8840|3 paquetes de 1kg:13260|4 paquetes de 1kg:17680|5 paquetes de 1kg:22100|6 paquetes de 1kg:26520|7 paquetes de 1kg:30940|8 paquetes de 1kg:35360|9 paquetes de 1kg:39780|10 paquetes de 1kg:44200,https://lh3.googleusercontent.com/d/10x-dCT2tZFW791BJLyQzeHUQugL6peGD,no,sin TACC|yerba
YERB_01,Yerba Maravilla,Barbacu√° intenso. Agroecol√≥gica,s√≠,3100,el paquete de 1/2kg,1 paquete de 1/2kg:3100|2 paquetes de 1/2kg:6200|3 paquetes de 1/2kg:9300|4 paquetes de 1/2kg:12400|5 paquetes de 1/2kg:15500|6 paquetes de 1/2kg:18600|7 paquetes de 1/2kg:21700|8 paquetes de 1/2kg:24800|9 paquetes de 1/2kg:27900|10 paquetes de 1/2kg:31000,https://lh3.googleusercontent.com/d/13ND0rCuFqj3MbCrA-pelWp9NalQ80GFw,no,sin TACC|yerba|agroecol√≥gico
YERB_02,Yerba Picada Vieja,Barbacu√° suave,s√≠,3600,el paquete de 1/2kg,1 paquete de 1/2kg:3600|2 paquetes de 1/2kg:7200|3 paquetes de 1/2kg:10800|4 paquetes de 1/2kg:14400|5 paquetes de 1/2kg:18000|6 paquetes de 1/2kg:21600|7 paquetes de 1/2kg:25200|8 paquetes de 1/2kg:28800|9 paquetes de 1/2kg:32400|10 paquetes de 1/2kg:36000,https://lh3.googleusercontent.com/d/1dO8-NgQrTqWnCm2WkLCq4F15i38xvZC_,no,yerba
YERB_03,Yerba Roapip√≥,Org√°nica,s√≠,7500,el paquete de 1kg,1 paquete de 1kg:7500|2 paquetes de 1kg:15000|3 paquetes de 1kg:22500|4 paquetes de 1kg:30000|5 paquetes de 1kg:37500|6 paquetes de 1kg:45000|7 paquetes de 1kg:52500|8 paquetes de 1kg:60000|9 paquetes de 1kg:67500|10 paquetes de 1kg:75000,https://lh3.googleusercontent.com/d/1qOMgwGTPHiAjklhLHO5RwIhcBOLSAPid,no,yerba|org√°nico
YERB_04,Yerba Familia Zaragoza,Barbacu√° extra suave,s√≠,5900,el kg,100g:592|250g:1480|500g:2960|1kg:5920|2kg:11840|3kg:17760|4kg:23680|5kg:29600,https://lh3.googleusercontent.com/d/1T408jKOfKHzRXpBmdZwKldQ7WGppuVmu,no,yerba
YERB_07,Yerba Aguantadora,De sabor intenso,s√≠,2400,el paquete de 1/2kg,1 paquete de 1/2kg:2350|2 paquetes de 1/2kg:4700|3 paquetes de 1/2kg:7050|4 paquetes de 1/2kg:9400|5 paquetes de 1/2kg:11750|6 paquetes de 1/2kg:14100|7 paquetes de 1/2kg:16450|8 paquetes de 1/2kg:18800|9 paquetes de 1/2kg:21150|10 paquetes de 1/2kg:23500,https://lh3.googleusercontent.com/d/1BQPTVSG1eZtnq0dAcQlEGRaPkZKeR6g-,no,sin TACC|yerba
YERB_08,Yerba Aguantadora,De sabor intenso,s√≠,4400,el paquete de 1kg,1 paquete de 1kg:4420|2 paquetes de 1kg:8840|3 paquetes de 1kg:13260|4 paquetes de 1kg:17680|5 paquetes de 1kg:22100|6 paquetes de 1kg:26520|7 paquetes de 1kg:30940|8 paquetes de 1kg:35360|9 paquetes de 1kg:39780|10 paquetes de 1kg:44200,https://lh3.googleusercontent.com/d/1BQPTVSG1eZtnq0dAcQlEGRaPkZKeR6g-,no,sin TACC|yerba
CURR_01,Curry ahumado,,s√≠,1300,los 100g,100g:1280|250g:3200|500g:6400|1kg:12800|2kg:25600|3kg:38400|4kg:51200|5kg:64000,,no,especias
GRAN_00,GRANOLA,Con avena; lino; sesamo; girasol; copos sin azucar; miel; almendras; casta√±as de caj√∫; coco rallado; pasas de uva rubias y morochas,s√≠,8900,el kg,100g:890|250g:2225|500g:4450|1kg:8900|2kg:17800|3kg:26700|4kg:35600|5kg:44500,,no,novedades|frutos secos|cereales|semillas
SALS_00,Salsa de soja,Marca Fumeiga,s√≠,3800,la botella de 1/2kg,1 botella de 1/2kg:3800|2 botellas de 1/2kg:7600|3 botellas de 1/2kg:11400|4 botellas de 1/2kg:15200|5 botellas de 1/2kg:19000|6 botellas de 1/2kg:22800|7 botellas de 1/2kg:26600|8 botellas de 1/2kg:30400|9 botellas de 1/2kg:34200|10 botellas de 1/2kg:38000,https://lh3.googleusercontent.com/d/1KRd5izPqLdjGT7aS8wGPrho_zK-HWTUS,no,novedades
CIRU_00,Ciruelas sin carozo bombon,,s√≠,4900,los 500g,100g:975|250g:2437.5|500g:4875|1kg:9750|2kg:19500|3kg:29250|4kg:39000|5kg:48750,,no,novedades|frutos secos
CURR_02,Curry picante,,s√≠,1300,los 100g,100g:1330|250g:3325|500g:6650|1kg:13300|2kg:26600|3kg:39900|4kg:53200|5kg:66500,,no,novedades|especias
GATO_00,U√±a de gato,,s√≠,3400,los 100g,100g:3400|250g:8500|500g:17000|1kg:34000|2kg:68000|3kg:102000|4kg:136000|5kg:170000,,no,novedades|yuyitos|tecitos
MIEL_06,Miel l√≠quida,Marca Bioway,s√≠,3300,el frasco de 450g,1 frasco de 450g:3300|2 frascos de 450g:6600|3 frascos de 450g:9900|4 frascos de 450g:13200|5 frascos de 450g:16500|6 frascos de 450g:19800|7 frascos de 450g:23100|8 frascos de 450g:26400|9 frascos de 450g:29700|10 frascos de 450g:33000,https://lh3.googleusercontent.com/d/1nRx62yK-ij2ltc9e2YGC4tRsizOyufjD,no,novedades|miel
MIEL_07,Miel s√≥lida,Marca Bioway,s√≠,3800,el frasco de 450g,1 frasco de 450g:3800|2 frascos de 450g:7600|3 frascos de 450g:11400|4 frascos de 450g:15200|5 frascos de 450g:19000|6 frascos de 450g:22800|7 frascos de 450g:26600|8 frascos de 450g:30400|9 frascos de 450g:34200|10 frascos de 450g:38000,https://lh3.googleusercontent.com/d/1NV7f_KbaSffLgvUrmLsYbLmvxMBOm55V,no,novedades|miel
MIEL_08,Miel l√≠quida,Marca Bioway,s√≠,6100,el frasco de 900g,1 frasco de 900g:6100|2 frascos de 900g:12200|3 frascos de 900g:18300|4 frascos de 900g:24400|5 frascos de 900g:30500|6 frascos de 900g:36600|7 frascos de 900g:42700|8 frascos de 900g:48800|9 frascos de 900g:54900|10 frascos de 900g:61000,https://lh3.googleusercontent.com/d/1nRx62yK-ij2ltc9e2YGC4tRsizOyufjD,no,novedades|miel
MIEL_09,Miel s√≥lida,Marca Bioway,s√≠,6700,el frasco de 900g,1 frasco de 900g:6700|2 frascos de 900g:13400|3 frascos de 900g:20100|4 frascos de 900g:26800|5 frascos de 900g:33500|6 frascos de 900g:40200|7 frascos de 900g:46900|8 frascos de 900g:53600|9 frascos de 900g:60300|10 frascos de 900g:67000,https://lh3.googleusercontent.com/d/1NV7f_KbaSffLgvUrmLsYbLmvxMBOm55V,no,novedades|miel
MIEL_10,Miel de eucalipto,Marca Bioway,s√≠,2900,el frasco de 300g,1 frasco de 300g:2900|2 frascos de 300g:5800|3 frascos de 300g:8700|4 frascos de 300g:11600|5 frascos de 300g:14500|6 frascos de 300g:17400|7 frascos de 300g:20300|8 frascos de 300g:23200|9 frascos de 300g:26100|10 frascos de 300g:29000,https://lh3.googleusercontent.com/d/1cTVLbADRHhXpJkxfpS7jnCkVqgfGV16z,no,novedades|miel
MIEL_11,Miel de algarrobo,Marca Bioway,s√≠,2900,el frasco de 300g,1 frasco de 300g:2900|2 frascos de 300g:5800|3 frascos de 300g:8700|4 frascos de 300g:11600|5 frascos de 300g:14500|6 frascos de 300g:17400|7 frascos de 300g:20300|8 frascos de 300g:23200|9 frascos de 300g:26100|10 frascos de 300g:29000,https://lh3.googleusercontent.com/d/1srQL2iu3sDUoPb22fAweykP6WRjgjzKL,no,novedades|miel
MOST_00,Mostaza con miel,Marca Bioway,s√≠,2400,el frasco de 220g,1 frasco de 220g:2400|2 frascos de 220g:4800|3 frascos de 220g:7200|4 frascos de 220g:9600|5 frascos de 220g:12000|6 frascos de 220g:14400|7 frascos de 220g:16800|8 frascos de 220g:19200|9 frascos de 220g:21600|10 frascos de 220g:24000,https://lh3.googleusercontent.com/d/1u0JNDkwTGDK7TnAY79UFNbjZSjMn723_,no,novedades|miel|especias
MERM_01,Mermelada de ar√°ndanos con miel,Marca Bioway,s√≠,2900,el frasco de 430g,1 frasco de 430g:2900|2 frascos de 430g:5800|3 frascos de 430g:8700|4 frascos de 430g:11600|5 frascos de 430g:14500|6 frascos de 430g:17400|7 frascos de 430g:20300|8 frascos de 430g:23200|9 frascos de 430g:26100|10 frascos de 430g:29000,https://lh3.googleusercontent.com/d/1uUlmXg3u997phw3lLXaa-Rum_wIHxFvw,no,novedades|miel|mermeladas/dulces
MERM_02,Mermelada de frambuesas con miel,Marca Bioway,s√≠,3600,el frasco de 430g,1 frasco de 430g:3600|2 frascos de 430g:7200|3 frascos de 430g:10800|4 frascos de 430g:14400|5 frascos de 430g:18000|6 frascos de 430g:21600|7 frascos de 430g:25200|8 frascos de 430g:28800|9 frascos de 430g:32400|10 frascos de 430g:36000,https://lh3.googleusercontent.com/d/1fWWzJ-rqQyjAtu6uGCEym9pQ69RA5ckr,no,novedades|miel|mermeladas/dulces
MERM_03,Mermelada de frutos rojos con miel,Marca Bioway,s√≠,2900,el frasco de 430g,1 frasco de 430g:2900|2 frascos de 430g:5800|3 frascos de 430g:8700|4 frascos de 430g:11600|5 frascos de 430g:14500|6 frascos de 430g:17400|7 frascos de 430g:20300|8 frascos de 430g:23200|9 frascos de 430g:26100|10 frascos de 430g:29000,https://lh3.googleusercontent.com/d/1yFTaKVlrDmESjfosx6URk_SQIyTeUBnM,no,novedades|miel|mermeladas/dulces
MERM_04,Mermelada de moras con miel,Marca Bioway,s√≠,2900,el frasco de 430g,1 frasco de 430g:2900|2 frascos de 430g:5800|3 frascos de 430g:8700|4 frascos de 430g:11600|5 frascos de 430g:14500|6 frascos de 430g:17400|7 frascos de 430g:20300|8 frascos de 430g:23200|9 frascos de 430g:26100|10 frascos de 430g:29000,https://lh3.googleusercontent.com/d/1XB_iKspez7Q4N9ZWcBI5_4k7FOaOIWxb,no,novedades|miel|mermeladas/dulces
ALFA_00,,,no,2000,la unidad de 60g,1 unidad de 60g:2000|2 unidades de 60g:4000|3 unidades de 60g:6000|4 unidades de 60g:8000|5 unidades de 60g:10000|6 unidades de 60g:12000|7 unidades de 60g:14000|8 unidades de 60g:16000|9 unidades de 60g:18000|10 unidades de 60g:20000,,no,
HIGO_01,,,no,200,los 100g,,,no,
LEVA_01,,,s√≠,1200,los 100g,,,no,
LEVA_02,,,s√≠,700,los 100g,,,no,